Index,Headline,News Text
0,عالمی بینک عسکریت پسندی سے متاثرہ خاندانوں کی معاونت کرے گا,اسلام باد عالمی بینک خیبرپختونخوا کے قبائلی اضلاع میں عسکریت پسندی سے پیدا ہونے والے بحران سے متاثرہ خاندانوں کی جلد بحالی بچوں کی صحت کی بہتری اور شہری مراکز ترسیل میں معاونت کے لیے فنڈز فراہم کرے گااس منصوبے کے لیے عالمی بینک ملٹی ڈونر ٹرسٹ کے تحت ایک کروڑ 20 لاکھ ڈالر فراہم کرے گا جس کے تحت شہریوں کی سہولت کے مراکز قائم کیے جائیں گے جو پوری قبائلی بادی اور اس سے منسلک اضلاع کو خدمات فراہم کرے گاڈان اخبار کی رپورٹ کے مطابق یہ جولائی 2019 میں ایک کروڑ 50 لاکھ ڈالر کی منظوری کے بعد سے منصوبے کی تیسری فنانسنگ ہوگییہ بھی پڑھیں ئندہ سال تک پاکستان میں غربت میں اضافے کا امکان ہے عالمی بینکان سہولیات کے مراکز کے ذریعے منتخب خدمات فراہم کی جائیں گی جس میں وائٹل رجسٹریشن سروس وی ایس سول رجسٹریشن منیجمنٹ سسٹم سی ایم ایس اور نادرا ای سہولت شامل ہے جو اس سے مستفید ہونے والوں کی مزید سرکاری خدمات تک رسائی کو بڑھائے گااس کے علاوہ ئندہ ماہ عالمی بینک کی اضافی فنانسنگ کی منظوری دی جائے گی جو گاہی سیشن میں حاضری سے منسلک نقدی کی منتقلی کے ذریعے بچوں کی صحت کو فروغ دے گیمنصوبے کی دستاویز کے مطابق اضافی سروسز مثلا وی ایس سی ایم ایس نادرا ای سہولت پلیٹ فارم اور دیگر سہولیات کے ساتھ اضلاع بنوں ڈیرہ اسمعیل خان لکی مروت اور ٹانک میں 16 نئے سہولت مراکز قائم کیے جائیں گےوی ایس میں کمپیوٹرائزڈ قومی شناختی کارڈ اور سی سیز کی تجدید اور اجرا سے متعلق تمام خدمات شامل ہوں گیمزید پڑھیں عالمی بینک سندھ میں چھوٹے ڈیموں کی تعمیر کے لیے 20 کروڑ ڈالر قرض دے گااس کے علاوہ بلدیاتی حکومت یا کمشنر کے دفاتر کے تعاون سے سی ایم ایس متعارف کروانے سے شہری بالخصوص خواتین پیدائش شادی اور موت کے سرٹیفکیٹ حاصل کرسکیں گیاس منصوبے پر خیبرپختونخوا میں ضم ہونے والے تمام ساتوں اضلاع میں عملدرمد کیا جارہا ہے ان اضلاع اور ان سے منسلک علاقوں میں شہریوں کی بنیادی سرکاری سروسز تک رسائی میں سیکیورٹی اور رسائی کے مسائل برقرار رہنے تک رکاوٹ ہےتاہم صوبہ خیبرپختونخوا میں ان اضلاع کے انضمام کا پیچیدہ عمل کمزور اداروں اور مسلسل سیکیورٹی خدشات کی وجہ سے اس ایجنڈے کی تکمیل ایک طویل عمل ہے
1,مالی سال 2020 ریٹرن فائل کرنے والوں کی تعداد میں 23 فیصد کمی,اسلام باد فیڈرل بورڈ ریونیو ایف بی نے دسمبر کی خری تاریخ سے قبل ٹیکس سال 2020 کے لیے گزشتہ سال کے مقابلے میں تقریبا 23 فیصد کم انکم ٹیکس گوشوارے موصول کیے ہیںڈان اخبار کی رپورٹ کے مطابق بورڈ کو دسمبر تک 13 لاکھ 10 ہزار ٹیکس گوشوارے موصول ہوئے جب کہ ٹیکس سال 2019 میں 16 لاکھ 90 ہزار ریٹرنز جمع کرائے گئے تھےان میں تنخواہ دار اور غیر تنخواہ دار افراد افرادی کمپنیوں کی ایسوسی ایشنز دونوں شامل ہیںمزید پڑھیں انکم ٹیکس گوشوراے جمع کروانے کی تاریخ میں ایک مرتبہ پھر توسیع جائزے کے دوران اس عرصے میں گوشواروں کے ساتھ وصول کیا گیا ٹیکس ارب 50 کروڑ روپے رہا جب کہ گزشتہ سال کے اسی عرصے میں یہ 12 ارب 80 کروڑ روپے وصول کیا گیا تھا جو 492 فیصد کی کمی کی عکاسی کرتا ہےٹیکس سال 2020 کے لیے انکم ٹیکس گوشوارے جمع کروانے کی خری تاریخ میں ستمبر کے بعد سے توسیع کی گئی تھی تاکہ عوام کو اپنا ریٹرن فائل کرنے میں سانی ہوٹیکس سال 2019 کے لیے ایف بی کو 29 لاکھ ریٹرنز ملے تھے جو ایف بی کی تاریخ میں سب سے زیادہ تھےبھارت میں بادی کے مقابلے میں ریٹرن فائل کرنے کا تناسب فیصد فرانس میں 58 فیصد اور کینیڈا میں 80 فیصد ہے جبکہ پاکستان میں یہ تقریبا 002 فیصد پر موجود ہےوزیر اعظم کے معاون خصوصی برائے ریونیو ڈاکٹر وقار مسعود خان نے ڈان کو بتایا کہ خری تاریخ میں مزید توسیع نہ کرنے کا اصولی فیصلہ کیا گیا ہے انہوں نے کہا کہ ریٹرن فائلنگ میں دن بدن اضافہ ہوتا جارہا ہےیہ بھی پڑھیں ٹیکس کے بغیر پاکستانی رقوم کی منتقلی کے باعث زی فائیو پر پابندی لگائی فواد چوہدریڈاکٹر وقار نے کہا کہ فیلڈ فارمیشنز کو ہدایت کی گئی ہے کہ وہ ان افراد کو انکم ٹیکس گوشوارے جمع کروانے کے لیے وقت میں توسیع کریں جو ڈیڈ لائن سے قبل ان کو فائل کرنے کے قابل نہیں تھےانہوں نے کہا کہ نان فائلرز کو ریٹرن فائل کرنے کے لیے اضافی وقت طلب کرنے کے لیے متعلقہ ٹیکس فس میں درخواست جمع کرانا ہوگیاسی طرح معاون خصوصی نے بتایا کہ ٹیکس پریکٹیشنرز کو بھی اپنے کلائنٹ کے لیے توسیع حاصل کرنے کی اجازت ہےتاہم معاون خصوصی نے بتایا کہ سب کے لیے کوئی توسیع نہیں کی جائے گیجرمانے کے بارے میں سوال پر انہوں نے کہا کہ ان لوگوں کے لیے کوئی جرمانہ نہیں ہوگا جنہوں نے ٹیکس گوشوارے جمع کروانے کے لیے توسیع مانگی ہےان کا کہنا تھا کہ مزید توسیع نہ کرنے کے فیصلے کا مقصد ملک میں ٹیکس نظم ضبط لانا ہے
2,جاپان کو سندھ کے خصوصی اقتصادی زون میں سرمایہ کاری کی دعوت,اسلام باد بورڈ انویسٹمنٹ بی او ئی کے چیئرمین عاطف بخاری نے جاپان کے سفیر کونینوری میٹسودا سے ملاقات کے دوران کہا کہ پاک چین اقتصادی راہداری سی پیک اور خصوصی اقتصادی زون ایس ای زیڈ ترقی اور سرمایہ کاری کے لیے ممالک کے لیے کھلے ہیںڈان اخبار کی رپورٹ کے مطابق انہوں نے جاپانی سفیر کو سندھ میں دھابیجی خصوصی اقتصادی زون کے لیے جاپانی مقیم ڈویلپر کے امکان کے بارے میں گاہ کیا اور کاروباری اداروں کو معاشی زون میں یونٹ قائم کرنے کی دعوت بھی دیانہوں نے روشنی ڈالی کہ دھابیجی اقتصادی زون کا مقام کراچی بندرگاہ کے قریب ہونے کی وجہ سے بہت بہتر ہےمزید پڑھیں تین نئے خصوصی اقتصادی زونز کی منظوری دے دی گئیدریں اثنا جاپانی سفیر نے تجویز دی کہ اسلام باد کو اوساکا میں ایک تجارتی قونصل خانہ یا رابطہ ادارہ قائم کرنا چاہیے جو جاپان میں کاروباری گروہوں اور چھوٹے اور درمیانے درجے کے صنعت کاروں کا ایک مرکز ہے اور اس سے دوطرفہ تجارتی اور اقتصادی تعلقات کو بہتر بنانے میں مدد ملے گی2 کروڑ سے زائد کی بادی کے ساتھ اوساکا ایک اہم مالیاتی مرکز ہے اور یہ دنیا کے سب سے بڑے شہری علاقوں میں شامل ہےسفیر کی تجویز کا جواب دیتے ہوئے عاطف بخاری نے کہا کہ اوساکا میں تجارتی قونصل خانے کے افتتاح کے لیے بورڈ انویسٹمنٹ وزارت خارجہ سے رابطہ کرے گاواضح رہے کہ اوساکا میں پاکستان کا قونصل خانہ ہے تاہم اس میں کوئی عملہ نہیں اور اس کی نگرانی ٹوکیو میں قائم سفارتخانہ کرتا ہے دستیاب معلومات کے مطابق جاپان میں پاکستان کے تجارت اور سرمایہ کاری کے قونصلر ٹوکیو میں واقع سفارت خانے میں مقیم ہیںیہ بھی پڑھیں وزیراعظم نے 10 خصوصی اقتصادی زونز قائم کرنے کی منظوری دے دیبی او ئی کے چیئرمین نے کراچی کے لیے حکومت کے ترقیاتی منصوبے میں جاپان کی شمولیت کی بھی دعوت دیانہوں نے کہا کہ پانی کی فراہمی کے موجودہ نظام کی اپ گریڈیشن کراچی سرکلر ریلوے اور کیماڑی تا پپری ریل لائن سمیت ٹرانسپورٹ کی سہولیات میں بہترین سرمایہ کاری کے مواقع ہیںاس موقع پر جاپانی سفیر نے کہا کہ جاپان فیصل باد میں پانی کی فراہمی کے نظام کی بہتری میں پہلے ہی مدد کر رہا ہے اور وہ کراچی پر بھی غور کرسکتا ہےملاقات میں پاکستان کے ماہی گیری کے شعبے پر بھی تبادلہ خیال کیا گیاجاپانی سفیر نے کہا کہ حکومت اور نجی شعبوں پر زور دیا جائے گا کہ وہ پاکستان کی ماہی گیری کی صنعت میں سرمایہ کاری کریں جاپانی پہلے ہی کورنگی فش ہاربر پروجیکٹ جیسے فشریز کے منصوبوں میں مشغول ہیںجاپانی سفیر نے ملک میں جاپانی ٹو انڈسٹری اور ٹیکسٹائل انڈسٹری کی سرمایہ کاری کو مزید وسعت دینے کی بھی بات کی
3,برامدات 767 فیصد بڑھ کر ارب 16 کروڑ ڈالر سے زائد,اسلام اباد پاکستان میں ماہ نومبر میں مسلسل تیسرے مہینے برامدات میں اضافہ دیکھا گیا اور یہ گزشتہ ماہ کی ارب ڈالر زائد سے 767 فیصد بڑھ کر ارب 16 کروڑ 10 لاکھ ڈالر تک پہنچ گئیںڈان اخبار کی رپورٹ کے مطابق یہ اعداد شمار پاکستان ادارہ شماریات کی جانب سے جاری کیے گئےبرامدات میں اضافہ بنیادی طور پر ٹیکسٹائل اور نان ٹیسکٹائل سامان کی دو ہندسوں میں ترقی کے باعث دیکھنے میں ایامزید پڑھیں اکتوبر میں برامدات 21 فیصد بڑھ کر ارب کروڑ ڈالر تک پہنچ گئیںعلاوہ ازیں زیرجائزہ مہینے کے دوران درامدات بھی فیصد بڑھ گئیں جو تجارتی خسارہ میں معمولی اضافے کا باعث بنیںاعداد شمار ظاہر کرتے ہیں کہ نومبر 2019 کے مطابق میں ہوم ٹیکسٹائل 20 فیصد دواسازی کی مصنوعات 20 فیصد چاول 14 فیصد جراحی کا سامان 11 فیصد جرابیں اور موزے 41 فیصد جرسیز اور پل اوور 21 فیصد خواتین کے کپڑے 11 فیصد مردوں کے کپڑوں میں 43 فیصد کا نمایاں اضافہ دیکھا گیا جولائی سے نومبر کے دوران برامدات گزشتہ سال کے انہیں مہینوں کے ارب 53 کروڑ 60 لاکھ ڈالر کے مقابلے میں 211 فیصد کے معمولی اضافے کے بعد ارب 73 کروڑ 70 لاکھ ڈالر رہیںرواں مالی سال کے اغاز میں برامدات میں ایک مثبت رجحان دیکھنے میں ای اتھا لیکن اگست میں اس میں 19 فیصد کمی دیکھی گئی تھی تاہم ستمبر اکتوبر اور نومبر میں اس میں مسلسل اضافہ دیکھا جا رہا ہےادھر ٹیکسٹائل مصنوعات کی برامدات میں اضافے کے لیے وزارت تجارت نے ڈرا بیک اف لوکل ٹیکس اینڈ لیویز ڈی ایل ٹی ایل اسکیم کے تھت ارب 78 کروڑ روپے جاری کردیے گئےاس حوالے سے وزیراعظم کے مشیر برائے تجارت ٹیکسٹائل عبدالرزاق داد کا کہنا تھا کہ مجھے امید ہے کہ یہ ہمارے برامدات کا لیکویڈٹی معاملات کا حل کریں گے اور برامدات کو بڑھانے میں مدد دیں گےخیال رہے کہ مالی سال 2020 میں برامدات 683 فیصد یا ایک ارب 57 کروڑ ڈالر گر کر 21 ارب 40 کروڑ ڈال رہی تھیں جو اسے پہلے سال 22 ارب 97 ارب ڈالر تھیاعداد شمار ظاہر کرتے ہیں کہ مئی سے بین الاقوامی خریداروں کی جانب سے برامدی ارڈرز خاص طور پر ٹیکسٹائل اور کپڑوں کے شعبے میں واضح بہتری نظر ائییہ بھی پڑھیں ستمبر میں ملکی برمدات فیصد بڑھ گئیںدوسری جانب نومبر میں درامدات بھی گزشتہ سال کے اسی عرصے کے ارب 92 کروڑ 40 لاکھ ڈالر کے مقابلے میں 777 فیصد بڑھ کر ارب 22 کروڑ 90 لاکھ ڈالر تک پہنچ گئیںمالی سال 20 کے ماہ کے دوران مجموعی درامدای بل گزشتہ سال کے انہیں مہینوں کے 19 ارب 17 کروڑ 50 لاکھ ڈالر سے 129 فیصد بڑھ کر 19 ارب 42 کروڑ 20 لاکھ ڈالر ہوگیا علاوہ ازیں ملک کا تجارتی خسارہ بھی نومبر میں 788 فیصد بڑھ گیا جس کی بنیادی وجہ درامدات میں اضافہ تھا یعنی تجارتی فرق گزشتہ سال کے اسی مہینے کے ایک ارب 91 کروڑ 70 لاکھ ڈالر کے مقابلے میں ارب کروڑ 80 لاکھ ڈالر پر موجود رہا
4,کے الیکٹرک کو اضافی بجلی گیس کی فراہمی کے قانونی تقاضے تعطل کا شکار,اسلام باد نیشنل ٹرانسمیشن اینڈ ڈسپیچ کمپنی این ٹی ڈی سی اور سوئی سدرن گیس کمپنی ایس ایس جی سی ایل کے 253 ارب روپے سے زائد کی ادائیگیاں نہ ہونے پر تصفئی بی ہونے کی وجہ سے قومی نیٹ ورکس سے کے الیکٹرک کو اضافی بجلی اور گیس کی فراہمی کے قانونی انتظامات تعطل کا شکار ہیںڈان اخبار کی رپورٹ کے مطابق باخبر ذرائع نے بتایا کہ عوامی سیکٹر کی دونوں کمپنیوں این ٹی ڈی سی اور ایس ایس جی سی ایل نے واجبات کی منظوری تک کے الیکٹرک کے ساتھ بجلی کی خریداری کے معاہدے پی پی اے اور گیس کی فراہمی کے معاہدے جی ایس اے پر دستخط کرنے سے انکار کر دیا ہےمزید پڑھیں کے الیکٹرک کے سرمایہ کاروں پر تحفظات ہیں لگتا ہے ان کے تانے بانے ممبئی سے نکلیں گے چیف جسٹس واضح رہے کہ کابینہ کمیٹی برائے توانائی سی سی او ای کے رواں سال جون کے ایک فیصلے کے تحت نیشنل گرڈ سے بجلی کی فراہمی کو ایک ہزار 400 میگاواٹ تک بڑھانا تھا جبکہ کے ای کو تقریبا 150 ایم ایم ایف سی ڈی اضافی گیس کی فراہمی کی جانی تھی تقریبا 200 ایم ایم ایف سی ڈی کی موجودہ گیس کی فراہمی کے لیے کے ای اور ایس ایس جی سی ایل کا معاہدہ اب تک نہیں ہوا ہےایس ایس جی سی ایل انتظامیہ اور بورڈ ڈائریکٹرز جی ایس اے میں داخلے سے قبل وفاقی حکومت کی طرف سے کسی طرح کی ضمانت یا 103 ارب کی کے ای سے ادائیگی کا منصوبہ بنانا چاہتے ہیںکے ای اس رقم کا مقابلہ کررہی ہے اور دعوی کرتی ہے کہ ایس ایس جی سی ایل کو تقریبا 13 ارب روپے کی ادائیگی کرنی ہےیہ بھی پڑھیں وفاق کا کے الیکٹرک کا انتظامی کنٹرول سنبھالنے پر غوراین ٹی ڈی سی انتظامیہ بھی اضافی بجلی کی فراہمی کے لیے پی پی اے پر دستخط کرنے سے پہلے اپنے 150 ارب روپے کے واجبات کی ادائیگی کرانا چاہتی ہےمعلومات رکھنے والے ذرائع نے بتایا ہے کہ کے ای انتظامیہ اس مسئلے کو حل کرنے کے لیے گزشتہ دنوں مختلف قانونی اور سیاسی حکام کے ساتھ مصروف رہی ہے تاہم کورونا پابندیوں کی وجہ سے چند اہم عہدیداروں کی عدم فراہمی کی وجہ سے کوششوں میں رکاوٹ پیدا ہوئیئندہ ہفتے حکومت اور کے ای حکام کے درمیان اس موضوع پر ایک اور باضابطہ اجلاس متوقع ہےچند روز قبل ایک پریس کانفرنس میں وفاقی وزیر منصوبہ بندی ترقی اسد عمر جو سی سی او ای کے سربراہ بھی ہیں نے مشاہدہ کیا تھا کہ کے ای ای کے معاملات کا حل ناگزیر ہوچکا ہے بصورت دیگر اس کی وصولی اور قابل ادائیگی گردشی قرضوں میں 421 ارب روپے کا اضافہ کردے گیکے ای کے قریبی ذرائع نے بتایا کہ ایس ایس جی سی ایل کے واجبات متنازع ہیں کیونکہ اس میں 13 ارب روپے کی اصل رقم کے مقابلہ میں 90 ارب کے کمپانڈ سود بھی شامل ہےان کا مقف تھا کہ اگر کے ای کو کمپانڈ سود ادا کرنا پڑتا ہے تو پھر سرکاری اداروں پر اس کے واجبات کی ادائیگی پر بھی اسی اصول پر عمل ہونا چاہیےوفاقی حکومت نے کے الیکٹرک کے لیے بجلی کی فراہمی کو نیشنل گرڈ سے بڑھا کر 1400 میگاواٹ کرنے کی پیش کش کی تھی2021 میں این ٹی ڈی سی کے ای کو 450 میگاواٹ اضافی بجلی فراہم کرے گیجی ایس اے اور پی پی اے پر دستخط کرنے میں تاخیر کا باعث بننے والے معاملات کا عدم حل اگلے موسم گرما میں کراچی میں بجلی کی قلت اور بندش کا ایک اہم ذریعہ بن سکتا ہے
5,کھانے پینے کی اشیا کی قیمتیں سال کی بلند ترین سطح پر پہنچ گئیں اقوام متحدہ,اقوام متحدہ کے فوڈ ایجنسی کا کہنا ہے کہ موسم کی خراب صورتحال کی وجہ سے نومبر میں غذائی اجناس کی عالمی قیمتوں میں تیزی سے اضافہ ہوا اور وہ تقریبا سال کی اعلی ترین سطح پر گئی ہیںڈان اخبار کی رپورٹ کے مطابق فوڈ اینڈ ایگریکلچرل رگنائزیشن ایف اے او کا کہنا تھا کہ عالمی سطح پر تجارت کی جانے والی خورونوش کی اشیا کی قیمتیں بڑھ رہی ہیں خاص طور پر 45 ممالک پر اضافی دبا ہے جنہیں اپنی عوام کی خوراک کے لیے بیرونی مدد کی ضرورت ہےایف اے او فوڈ پرائز انڈیکس نے رواں ماہ کے دوران اوسطا 105 پوائنٹس حاصل کیے جو اکتوبر کے مقابلے میں 39 فیصد اور ایک سال پہلے کے مقابلے میں 65 فیصد زیادہ تھےمزید پڑھیں 2020 میں پاکستان میں مہنگائی کی شرح دنیا میں بلند ترین نہیں اسٹیٹ بینک کی وضاحتروم میں مقیم ایجنسی کا کہنا تھا کہ اس حوالے سے جولائی 2012 کے بعد سے ماہانہ اضافہ سب سے زیادہ رہا اور دسمبر 2014 کے بعد سے انڈیکس سب سے اونچی سطح پر ہےسب سے زیادہ اضافہ سبزیوں کے تیل کی قیمت کے انڈیکس میں ہوا جو پام ئل کے کم ذخیرے کی وجہ سے 145 فیصد تک بڑھ گیاسیریل کی قیمتوں کا اشاریہ اکتوبر کے مقابلے میں 25 فیصد جبکہ ایک سال قبل کے مقابلے میں تقریبا 20 فیصد بڑھا ہےایف اے او نے بتایا کہ گندم کی برمدی قیمتیں بھی بڑھ گئیں جس کی وجہ سے ارجنٹائن میں پیداواری کمی ہے جبکہ مکئی کی قیمتیں بھی امریکا اور یوکرین میں کم پیداوار اور چین کی جانب سے بڑی خریداری کے باعث بڑھی ہیںیہ بھی پڑھیں ستمبر میں بھی مہنگائی بڑھ کر 9فیصد تک پہنچ گئیروس تھائی لینڈ اور یورپ میں خراب موسم کی صورتحال کی وجہ سے عالمی پیداوار میں کمی کے بڑھتے ہوئے امکانات کے دوران چینی کی قیمت کا انڈیکس بھی گزشتہ ماہ کے مقابلے میں 33 فیصد بڑھ گیا ہےیورپ میں فروخت میں اضافے کی وجہ سے ڈیری مصنوعات کی قیمتیں بھی 09 فیصد بڑھ کر 18 ماہ کی بلند ترین سطح پر پہنچ گئیںرپورٹ کے مطابق گوشت کی قیمتیں اکتوبر کے مقابلے میں 09 فیصد بڑھ گئی ہیں تاہم ایک سال قبل کے مقابلے میں اس میں نمایاں کمی واقع ہوئی ہے
6,صنعتی صارفین کیلئے بجلی کے پیک ور ٹیرف اسکیم کا خاتمہ اور سبسڈی منظور,اسلام باد اقتصادی رابطہ کمیٹی ای سی سی اجلاس میں وفاقی کابینہ اور نیشنل الیکٹرک پاور ریگولیٹری اتھارٹی کی جانب سے صنعتی صارفین کے لیے بجلی کے پیک ورز جن اوقات میں لوڈ زیادہ ہوتا ہے کے خاتمے سے پیدا ہونے والی خلا پر ایک غیر طے شدہ سبسڈی فراہم کرنے کا فیصلہ کیا گیاڈان اخبار کی رپورٹ کے مطابق پاور ڈویژن کی درخواست پر بلائے گئے واحد نکاتی اجلاس نے چیئرمین ڈاکٹر عبدالحفیظ شیخ سمیت ای سی سی ممبران کو حیرت میں ڈال دیامزید پڑھیں کے الیکٹرک کو طویل لوڈ شیڈنگ پر نیپرا اور صارفین کے غیض غضب کا سامنا اراکین نے بتایا کہ پاور ڈویژن کی جانب سے کراچی سمیت ملک بھر میں صنعتی صارفین کے لیے استعمال کے اوقات ٹی او یو ٹیرف کے خاتمے سے متعلق سمری کو ای سی سی کابینہ کمیٹی برائے توانائی سی سی او ای اور وفاقی کابینہ نے نومبر کے پہلے ہفتے میں منظور کرلیا ہے جسے بعد ازاں نیپرا نے نوٹیفکیشن کے لیے منظور کرلیا تھاان کا خیال تھا کہ تمام رسمی کارروائیوں کی تکمیل کے بعد ای سی سی کا ہنگامی اجلاس طلب کرنے کا کوئی جواز نہیں ہےپاور ڈویژن نے ای سی سی کو بتایا کہ نیپرا نے نشاندہی کی ہے کہ جہاں صنعتی سپورٹ پیکیج کو منظور کرنے کے ساتھ ساتھ 21 ارب روپے کی سبسڈی مختص کردی گئی ہے وہیں ٹو او یو اسکیم کے خاتمے سے بھی کچھ سبسڈی پیدا ہوگی یا گردشی قرضے میں اضافہ ہوگا جس کا حساب نہیں لگایا گیا ہےٹی او یو اسکیم کے تحت صارفین سے تقریبا 18 گھنٹوں کے لیے 15 روپے فی یونٹ پیک نرخ وصول کیا جاتا ہے جبکہ شام کے پیک ورز میں تقریبا 21 روپے فی یونٹ لیا جاتا تھایہ بھی پڑھیں بجلی کے شعبے میں بڑی تبدیلوں کا منصوبہ پیک ورز کے خاتمے کا مطلب یہ ہے کہ صنعتیں 15 روپے فی یونٹ کے نرخ ہی ادا کریں گیبعد ازاں ای سی سی نے صنعتی صارفین کے لیے بجلی استعمال کرنے کی اوقات کی بنیاد پر ٹیرف اسکیم کے خاتمے اور اس ضمن میں ایک واپڈا ڈسکوز اور کے الیکٹرک کے لیے متعلقہ ایس اوز میں ترمیم کرنے کی منظوری دے دیاس کے تحت صنعتی صارفین پیک ورز میں پیک ریٹ سے ٹیرف ادا کریں گےسرکاری اعلامیے میں کہا گیا کہ پیک ورز اور پیک ورز ٹیرف کے خاتمے کا اطلاق یکم نومبر 2020 سے 30 اپریل 2021 تک کی مدت کے لیے ہوگا
7,پاکستان میں موبائل کمپنیاں مقامی طور پر اسمبلنگ کی جانب گامزن,کراچی پاکستان میں موبائل ہینڈ سیٹس کے مینوفکچررز جون 2020 میں کابینہ سے منظور کی گئی موبائل ڈیوائس مینوفکچرنگ پالیسی کے تحت مقامی سطح پر اسمبلنگ کے مقصد کی طرف تیزی سے بڑھ رہے ہیںڈان اخبار کی رپورٹ کے مطابق اس سلسلے میں وزیر صنعت حماد اظہر سے موبائل کمپنی ویوو کے نمائندوں نے ملاقات کی جس کے بعد انہوں نے سوشل میڈیا پلیٹ فارم ٹوئٹر پر اپنے اکانٹ سے یہ اعلان کیا کہ کمپنی نے پاکستان میں اسمارٹ فون تیار کرنے کی سہولت قائم کرنے کا فیصلہ کیا ہے اور اس منصوبے کے لیے زمین خرید لی گئی ہےمزید پڑھیں موبائل فون کی مینوفیکچرنگ پالیسی منظورتاہم ویوو کے نمائندوں کی جانب سے اس ملاقات پر ردعمل دینے سے گریز کیا گیاخیال رہے کہ جون 2020 میں وفاقی کابینہ نے پالیسی منظور کی تھی لیکن انڈسٹری کے کچھ کھلاڑیوں نے کہا ہے کہ اس میں بہت سے خدشات ہیںاس پس منظر میں ڈان سے گفتگو میں ان کا کہنا تھا کہ پالیسی میں لوکلائزیشن کی شرط کو پاکستان میں نافذ کرنا ناممکن ہے کیونکہ اسکرینز مدربورڈز اور بیٹریز کی تیاری یہاں ممکن نہیں ہےپالیسی میں موبائل ڈیوائسز کی سی کے ڈیایس کے ڈی مینوفکچرنگ پر فکسڈ سیلز ٹیکس کے خاتمے کی یقین دہانی کے ساتھ ساتھ مقامی سطح پر اسمبلڈ ڈیوائسز کی مقامی فروخت پر فیصد ود ہولڈنگ ٹیکس سے استثنی بھی شامل ہے تاہم انڈسٹری پلیئرز کہتے ہیں کہ ان اقدامات پر عمل درامد ابھی تک مکمل نہیں ہوااس صنعت کے ایک اندرونی پلیئر نے نام ظاہر نہ کرنے کی شرط پر اس لیے ڈان کو بتایا چونکہ حکومت کے ساتھ بات چیت ابھی جاری ہےیہ بھی پڑھیں مالی سال 2020 ملک میں موبائل فون کی درامد پر 54 ارب روپے کی ڈیوٹی وصولانہوں نے کہا کہ ان استثنی کے بغیر مقامی اسمبلی ممکن نہیں ہےجون میں پالیسی کی کابینہ کی منظوری کے بعد وزارت کی جانب سے جاری اعلامیے میں کہا گیا تھا کہ ملک میں کل 16 مقامی کمپنیاں موبائل لات تیار کررہی ہیں جن میں سے بیشتر کمپنیاں فیچر فون یعنی جی تیار کررہی ہیں کمپنیاں اب اسمارٹ فون تیار کرنے کی طرف جارہی ہیں کیونکہ ٹیکنالوجی جی جی کی طرف منتقل ہو رہی ہےٹیلی کام کے ایگزیکٹوز نے ڈان کو بتایا کہ جی قابل ہینڈ سیٹس کی کمی پاکستان کی ڈیجیٹل ترقی کی راہ میں سب سے بڑی رکاوٹ ہے ملک میں ڈیجیٹل انقلاب کو فروغ دینے کے لیے ان ہینڈسیٹ کی مقامی اسمبلی ناگزیر ہےگزشتہ مالی سال 2020 میں موبائل ہینڈسیٹس کی درمدات تیزی سے بڑھ کر ایک ارب 37 کروڑ ڈالر تک جا پہنچی تھی جبکہ مالی سال 2021 کے جولائی سے ستمبر کے درمیان یہ 49 کروڑ 20 لاکھ ڈالرز کو عبور کرچکی ہیں اور سست ہوتی معیشت کے باوجود گزذشتہ سال کے ریکارڈ کو مات دینے کے لیے تیار ہیں
8,گنے کی بروقت کٹائی سے چینی کی قیمت کم ہو کر 85 روپے فی کلوگرام تک پہنچ گئی,اسلام باد سندھ اور پنجاب میں گنے کی فصل کی کٹائی کی ابتدا کے بعد ریٹیل مارکیٹ میں چینی کی قیمتوں میں تقریبا 20 فیصد تک تیزی سے کمی دیکھی جارہی ہےڈان اخبار کی رپورٹ کے مطابق یہاں تک کہ وزیراعظم نے بھی چینی کی فی کلو گرام قیمتوں میں 20 روپے تک کمی نے پر اطمینان کا اظہار کیاوزیراعظم نے سماجی روابط کی ویب سائٹ ٹوئٹر پر اپنے ایک پیغام میں ملک میں گنے کی بر وقت کٹائی اور درمد شدہ چینی کی فراہمی کی وجہ حکومت کی مثر مداخلت سے متعلق اقدامات کو قرار دیایہ بھی پڑھیں شوگر ملز کا اعلی سوکروز کی فصل پیدا کرنے والے گنے کے کاشتکاروں کو اربوں روپے دینے سے انکاران کا کہنا تھا کہ حکومت کی کوششوں سے چینی کی ایکس مل قیمتوں میں 20 روپے تک کمی ئی ہے انہوں نے مزید کہا کہ میں نے صوبائی حکومتوں کو گنے کے کاشت کاروں کو چینی کی قیمتوں کی منصفانہ اور فوری ادائیگی کرنے کے لیے کہا ہےحالیہ اقدامات اور درمد شدہ چینی کی وجہ سے ملک بھر کی ریٹیل اور ہول سیل مارکیٹوں میں موجود چینی کے ذخیرے کے باعث صورت حال میں تبدیلی کا اثر دیکھا جاسکتا ہےکراچی ریٹیل گراسیریز گروپ کے چیئرمین فرید قریشی کا کہنا تھا کہ پچھلے دنوں چینی کی اوسطا ریٹیل قیمت 100 روپے تھی اور اب یہ 85 روپے فی کلوگرام ہوگئی ہےان کا مزید کہنا تھا کہ اس کی وجہ ہول سیل مارکیٹ میں قیمتوں میں کمی ہے اور ہم امید کررہے ہیں کہ اس ہفتے کے دوران ہول سیل قیمت 75 روپے سے 78 روپے کے درمیان ہوجائے گیمزید پڑھیں گنے کی قیمت سے متعلق کیس لگتا ہے سندھ حکومت مسئلہ حل کرنا نہیں چاہتیفرید قریشی نے پیش گوئی کی کہ ئندہ ہفتے سے ملنے والی تازہ چینی اور درمدات کے نتیجے میں چینی کی قیمتوں میں مزید کمی ئے گیاسی طرح لاہور اور پشاور میں بھی چینی کی ریٹیل قیمتوں میں اسی طرح کی کمی رپورٹ ہوئی مگر اسلام باد اور دیگر پنجاب کے شمالی علاقوں میں جہاں چینی کی پیداوار نہیں ہوتی وہاں ئندہ دنوں میں ممکنہ طور پر زیادہ ذخیرے کے اثرات نظر ئیں گےراولپنڈی کی ایک مرکزی ہول سیل مارکیٹ گنج منڈی کے تاجر جو شمالی پنجاب زاد کشمیر اور خیبرپختونخوا کے کچھ حصوں میں سامان فراہم کرتے ہیں ان کا کہنا تھا کہ نہ صرف چینی کی فراہمی میں بہتری ئی ہے بلکہ قیمتوں میں بھی کمی رہی ہےیہ بھی پڑھیں گنے کی قیمت کم ہے تو کسان گنا اگاتے ہی کیوں ہیںایک اور تاجر نے اپنا نام ظاہر نہ کرنے کی درخواست پر بتایا کہ ئندہ دنوں میں درمد شدہ اور مقامی طور پر پیدا کی جانے والی چینی کے درمیان مقابلہ ہوگا اور جیسا کہ مقامی چینی کی مٹھاس زیادہ ہےتاہم ان کا مزید کہنا تھا کہ چینی کی قیمتوں میں ماضی میں ہونے والے اضافے کی ایک وجہ میڈیا میں مختلف خبروں کے ذریعے پیدا ہونے والی گھبراہٹ کے باعث کی جانے والی خریداری تھیپاکستان شوگر ملز ایسوسی ایشن کے چیئرمین اسکندر خان نے وفاق اور صوبائی حکومتوں کی بروقت گنے کی فصل کی کٹائی کے غاز پر تعریف کرتے ہوئے کہا کہ گنے کی فصل کی فی 40 کلو گرام قیمت تقریبا 200 روپے مقرر کی گئی ہےاسکندر خان نے اپنی رائے کا اظہار کرتے ہوئے کہا کہ حکام کی جانب سے مڈل مین کو درمیان میں سے نکالنے کے لیے اقدامات کرنے کی ضرورت ہے جو کسانوں سے گنا خرید لیتے ہیں اور ان کے تدارک سے ملوں کے لیے گنے کی قیمتوں کو برقرار رکھنے کے لیے ایک مثبت قدم ہوسکتا ہے ان کا مزید کہنا تھا کہ حکومت کو چینی اور گڑ کی افغانستان اور اس سے باہر اسمگلنگ روکنے کے لیے سخت اقدامات کرنے ہوں گے جو مناسب سپلائی ہونے کی وجہ سے قیمتوں کو برقرار رکھنے کو یقینی بنائیں گایہ خبر دسمبر 2020 کو ڈان اخبار میں شائع ہوئی
9,نومبر میں مہنگائی معمولی کمی سے 83 فیصد رہی,اسلام اباد ماہ نومبر میں کچھ اشیا کی قیمتوں میں معمولی کمی کے بعد افراط زر مہنگائی اکتوبر کی 89 فیصد سے کم ہوکر گزشتہ ماہ 83 فیصد رہیڈان اخبار کی رپورٹ کے مطابق پاکستان کے ادارہ شماریات کے جاری کردہ اعداد شمار سے ظاہر ہوتا ہے کہ مسلسل دوسرے ماہ بھی مہنگائی میں معمولی کمی ائی تاہم اس کے برعکس حقیقت میں ضروری اشیا کی قیمتیں اوپر کی طرف جارہی ہیںغذائی مہنگائی اب بھی دو ہندسوں میں موجود ہے اور گزرنے والے مہینے میں اس میں اضافہ دیکھنے میں ایاشہری علاقوں میں زائد غذائی قیمتوں میں اضافے کے باعث مہنگائی بڑھنے کا دبا جاری رہا اور نومبر میں غذائی اشیا کے گروپ کی قیمتیں سالانہ بنیادوں پر 13 فیصد جبکہ ماہانہ بنیاد پر 16 فیصد بڑھیںمزید پڑھیں اکتوبر میں مہنگائی معمولی سی کم ہوکر 89 فیصد رہیتاہم دیہی علاقوں میں یہ صورتحال مزید بدتر رہی جہاں نومبر میں اس میں سالانہ بنیادوں پر 161 فیصد اور ماہانہ بنیادوں پر فیصد اضافہ ہوا واضح رہے کہ بنیادی غذائی اشیا ٹماٹر پیاز مرغی انڈے چینی اور اٹے کی قیمتیوں میں گزشتہ کئی ماہ سے مسلسل اضافہ دیکھا گیا ہے اور روزمرہ استعمال ہونے والی ان اشیا کی قیتموں میں معمولی اضافہ بھی مجموعی مہنگائی پر کافی اثر انداز ہوتا ہےنومبر میں سالانہ بنیادوں پر گندم کی قیمت 366 فیصد گندم کے اٹے کی قیمت 1328 فیصد چاول 73 فیصد انڈے 4867 فیصد اور چینی 3578 فیصد بڑھیادھر حکومت کی جانب سے شارٹ فال کو پورا کرنے اور مارکیٹ میں سپلائی کو بہتر بنانے کے لیے گندم اور چینی درامد کی گئی ہے مزید یہ کہ سبزیوں کی نئی فصلوں گنے کی کرشنگ کے سیزن اور پیٹرولیم مصنوعات میں کمی کے ساتھ ہی مہنگائی میں مزید کمی متوقع ہےمقامی پیداوار میں کمی کے ساتھ رواں مالی سال کا اغاز جولائی میں 93 فیصد کی مہنگائی سے ہوا جس کے بعد اگست میں اس میں کمی ائی اور یہ 82 فیصد رہی جس کے بعد ستمبر میں یہ ایک مرتبہ پھر فیصد تک پہنچ گئیجولائی سے نومبر کے دوران اوسط سی پی ائی گزشتہ سال کے 108 فیصد سے کم ہوکر 876 فیصد ہوگیاواضح رہے کہ مالی سال 2020 میں سی پی ائی اس سے پہلے سال کے 68 فیصد سے بڑھ کر 1074 فیصد تک پہنچ گیا تھا جو 122011 کے بعد سب سے زیادہ تھاشہری علاقوں میں نومبر میں جن اشیائے خورو نوش کی قیمتوں میں اضافہ دیکھا گیا ان میں مرغی 2136 فیصد ٹماٹر 1568 فیصد الو 879 فیصد پیاز 581 فیصد سبزیاں 563 فیصد خشک میوہ جات 438 فیصد انڈے 283 فیصد مکھن 261 فیصد مصالحہ جات اور مرچیں 26 فیصد اور مچھلی 189 فیصد بڑھیتاہم شہری علاقوں میں جن علاقوں کی قیمتوں میں کمی ائی ان میں گندم کا اٹا 483 فیصد گندم 431 فیصد دال مونگ 354 فیصد اور دال چنا 194 فیصد کم ہوئییہ بھی پڑھیں ائندہ مالی سال میں مہنگائی مزید کم ہونے کا امکاندیہی علاقوں میں مرغی 2076 فیصد الو 158 فیصد ٹماٹر 929 فیصد پیاز 656 فیصد چینی 539 فیصد انڈے 523 فیصد مصالحہ جات اور مرچیں 305 فیصد اور مکھن 146 فیصد تک مہنگی ہوئیںدوسری جانب جن اشیا کی قیمتوں میں کمی ہوئی ان میں گڑ 506 فیصد بیسن 228 فیصد دال مونگ 226 فیصد پھل 221 فیصد گندم کا اٹا 192 فیصد دال ماش 182 فیصد دال چنا 176 فیصد پھیلیاں 117 فیصد مچھلی 112 فیصد کم ہوئیعلاوہ ازیں شہری مراکز میں غیر غذائی افراط زر سالانہ بنیادوں پر 34 فیصد اور ماہانہ بنیادوں پر 01 فیصد ریکارڈ کی گئی جبکہ دیہی علاقوں میں یہ کر بالترتیب 55 فیصد اور 02 تک بڑھ گئی
10,ڈسکوز کا بجلی کے ٹیرف میں 86 پیسے اضافے کا مطالبہ,اسلام باد سابقہ واپڈا کی مختلف ڈسٹری بیوشن کمپنیوں ڈسکوز کے پاس 1500 سے 1600 میگا واٹ کے نئے کنکشن کے لیے لگ بھگ ساڑھے لاکھ درخواستیں زیر التوا ہیں کیونکہ صارفین کو اپریلجون 2020 کے دوران 85 ارب کے استعدادی چارجز کے حساب سے ٹیرف میں 86 پیسے فی یونٹ اضافے کا سامنا ہےڈان اخبار کی رپورٹ کے مطابق نیشنل الیکٹرک پاور ریگولیٹری اتھارٹی نیپرا کی طرف سے سہ ماہی ایڈجسٹمنٹ کے تحت ٹیرف میں 86 پیسے فی یونٹ اضافے کے لیے مختلف ڈسکوز کی جانب سے دائر درخواست پر عوامی سماعت ہوئی نیپرا نے ڈسکوز کے ذریعے پیش کردہ اعداد شمار کی تصدیق کے لیے اپنا فیصلہ محفوظ کرلیا جو عوامی سماعت کے اختتام تک تبدیل ہوتا رہامزید پڑھیں نیپرا نے بجلی کے نرخوں میں اضافے کا فیصلہ محفوظ کرلیا نیپرا کے افسران نے وضاحت کی کہ اس شرح کے لیے ٹیرف میں اضافہ 70 پیسے فی یونٹ کے لگ بھگ ہوگا کیونکہ گزشتہ سہ ماہی کے لیے موجودہ 15 پیسے فی یونٹ استعدادی چارجز کی میعاد جلد ہی ختم ہوجائے گی اور اس کی جگہ 85 یا 86 پیسے فی یونٹ استعدادی چارجز لاگو ہوں گےگزشتہ ہفتے نیپرا نے سینٹرل پاور پرچیزنگ ایجنسی اور ڈسکو کے غیر تسلی بخش ردعمل کی وجہ سے عوامی سماعت معطل کردی تھی اور ڈسکوز کے تمام چیف ایگزیکٹو فیسرز اور چیف فنانشل افسران کی موجودگی یقینی بنانے کی ہدایت کے ساتھ یکم دسمبر تک سماعت ملتوی کردی تھی تاکہ وہ تصدیق شدہ ڈیٹا کی بنیاد پر اضافے کا جواز پیش کر سکیںمنگل کے روز سینٹرل پاور پرچیزنگ ایجنسی کے چیف ایگزیکٹو فیسر نے وضاحت کی کہ ساہیوال اور پورٹ قاسم کوئلے کے منصوبوں حبکو کے ایک منصوبے اور کچھ شمسی اور ہوا کے منصوبوں کی لاگت کا تخمینہ لگائے گئے اصل تخمینے سے دوگنا ہو چکا ہے لہذا استعدادی چارجز میں اضافی ضروری ہےاس کے علاوہ اس وقت ایک ڈالر 129 روپے کا تھا اور پھر روپے کی قدر گرتے گرتے ایک ڈالر 167 روپے کا ہو گیایہ بھی پڑھیں ریگولیٹرز نے بجلی کی قیمت میں 86 پیسہ فی یونٹ اضافے کی سماعت ملتوی کردیانہوں نے کہا کہ معیشت میں سست روی اور اس کے نتیجے میں تجارتی سرگرمیوں میں کمی سے استعدادی چارجز کے معاوضوں میں بھی اضافہ ہوا انہوں نے کہا کہ بڑھتی ہوئی معیشت اور زیادہ کھپت کی صورت میں گنجائش کے حساب سے کمی واقع ہوسکتی ہےنیپرا کے پنجاب کے رکن سیف اللہ چٹھہ کے ایک سوال کے جواب میں سینٹرل پاور پرچیزنگ ایجنسی کے سربراہ نے کہا کہ سکھر الیکٹرک پاور اور کوئٹہ الیکٹرک پاور کی جانب سے اسی طرح کے دعوے کیے گئے جو سینٹرل پاور پرچیزنگ ایجنسی کے اعدادوشمار سے مماثل نہیں ہیں حالانکہ دونوں ڈسکوز نے سینٹرل پاور پرچیزنگ ایجنسی کی بلنگ انوائسز پر اپنی درخواستیں دائر کی تھیںسینٹرل پاور پرچیزنگ ایجنسی نے پیر کو ان ڈسکوز سے کہا کہ وہ اپنے اعدادوشمار اپ ڈیٹ کریں لیکن نیپرا افسران نے کہا کہ سینٹرل پاور پرچیزنگ ایجنسی اور ڈسکو کے مابین ابھی بھی تضاد موجود ہے ڈسکو کے نمائندوں نے کہا کہ وہ سماعت کے بعد اپنے نظرثانی شدہ دعوں کو اپ ڈیٹ کریں گےسندھ کے رکن رفیق احمد نے حیرت کا اظہار کیا کہ سیشن ختم ہونے پر عوامی سماعت کے شرکا اور صارفین کو مستقل طور پر بدلتے ہوئے اعدادوشمار پر وضاحت کیسے کی جا سکتی ہے اور کس حد تک اس بات کا جواز پیش کیا جاسکتا ہے کہ کس تعداد میں ٹیرف میں اضافے کی اجازت دی گئی ہےمزید پڑھیں بجلی کی قیمت میں 50 پیسے فی یونٹ اضافے کی تیاریبجلی کمپنیوں کے غیر تسلی بخش ردعمل پر نیپرا کے اراکین نے شدید ناراضی کا اظہار کیا اور عوام کے نمائندوں کو بتایا کہ ریگولیٹرز نے چیف ایگزیکٹو افسران اور چیف فنانشل افسران سے توقع تھی کہ وہ جس ٹیرف میں اضافہ چاہتے ہیں اس کمپنی کے ہر پہلو سے پوری طرح واقف ہوں گےنیپرا کے سندھ کے رکن نے کہا کہ ڈسکو کے ذریعے فراہم کردہ معلومات کی بنیاد پر ریگولیٹرز کے اعداد شمار سے معلوم ہوا ہے کہ نئے رابطوں کے لیے لگ بھگ ساڑھے لاکھ درخواستیں زیر التوا ہیں انہوں نے کہا کہ یہ ایپلی کیشنز زیادہ سے زیادہ 1500 سے 1600 میگاواٹ اضافی گنجائش استعمال کریں گی اور زیادہ استعدادی چارجز کے بجائے مجموعی ٹیرف کو کم کردیں گیایک سوال پر لاہور الیکٹرک سپلائی کمپنی لیسکو کے چیف ایگزیکٹو فیسر نے کہا کہ لیسکو ایریا میں 250 صنعتی اور 2200 گھریلو اور تجارتی کنکشنز کے لیے درخواستیں باقی ہیں جو صرف 30 سے 35 میگاواٹ استعمال کرسکتی ہیں انہوں نے دعوی کیا کہ نیپرا کے حوالے سے بتائے جانے والے اعداد شمار غیر حقیقی ہیں کیونکہ یہ پاکستان الیکٹرک پاور کمپنی کے دعوں پر مبنی ہیں جس میں وہ درخواستیں بھی شامل تھیں وہ ایک دن پہلے ہی دائر کی گئیں
11,جوہری بجلی گھر کی زمائش کیلئے ایندھن کی لوڈنگ کا غاز,اسلام باد پاکستان نے کراچی میں 11 سو میگا واٹ کے جوہری بجلی گھر کو زمائشی بنیاد پر چلانے کے لیے ایندھن کی لوڈنگ کا غاز کردیا اس پلانٹ کا کمرشل پریشن اپریل 2021 میں شروع ہوگادوسری جانب زاد کشمیر کی حکومت نے 700 میگا واٹ کا ایک ہائیڈرو پاور منصوبہ تعمیر کرنے کے لیے چینی کمپنی کے ساتھ معاہدے پر دستخط کردیےڈان اخبار کی رپورٹ کے مطابق پاکستان اٹامک انرجی کمیشن پی اے ای سی کے ایک ترجمان نے کہا کہ کراچی میں حال ہی میں تعمیر کیے جانے والے جوہری بجلی کے یونٹ2 کے2 کے لیے ایندھن کی لوڈنگ کا غاز پاکستان نیوکلیئر ریگولیٹری اتھارٹی کی جانب سے اس کا اجازت نامہ حاصل کرنے کے بعد منگل کو ہوایہ بھی پڑھیں نیوکلیئر پاور پلانٹ کراچی کی بادی کے لیے خطرہترجمان نے بتایا کہ کے2 پلانٹ کی تعمیر کا غاز 31 اگست 2015 کو ہوا تھا اور متعدد پریشنز اور سیفٹی ٹیسٹس کے بعد اس کا کمرشل پریشن اپریل 2021 میں شروع ہوگاخیال رہے کہ کے2 کراچی میں تعمیر کیے جانے والے 11 سو میگا واٹ کے زیر تعمیر جوہری بجلی گھروں میں سے ایک ہے کے3 کے سال 2021 کے خر میں فعال ہونے کی توقع ہےان دونوں جوہری بجلی گھروں کی تکمیل کورونا وائرس عالمی وبا کے باوجود بڑی حد تک شیڈول کے مطابق رہیایندھن کی لوڈنگ کا معائنہ اسٹریٹجک پلاننگ ڈویژن لیفٹیننٹ جنرل ندیم زکی منج پی اے ای سی کے چیئرمین محمد ندیم اور سینئر پاکستانی اور چینی حکام نے کیادوسری جانب حکومت زاد کشمیر نے چینی کمپنی چائنا گیز ہوبا گروپ اور اس کے مقامی شراکت دار لاریب گروپ نے پاک چین اقتصادی راہداری کے منصوبے زاد پتن ہائیڈرو پاور پروجیکٹ کے عملدرمد اور پانی کے استعمال کے سرچارج کے معاہدے پر دستخط کیےمزید پڑھیں تھر میں کوئلے کے بجلی گھروں کی الودگی سے 29 ہزار اموات ہوسکتی ہیں تحقیق ایک ارب 35 کروڑ ڈالر کی سرمایہ کاری سے 7007 میگا واٹ کے منصوبے میں کوئی درمدی ایندھن شامل نہیں اور یہ ملک کو سستی اور ماحول دوست توانائی کی پیداوار کی جانب لے جائے گامعاہدے پر دستخط کی تقریب میں وفاقی وزیر توانائی عمر ایوب خان وزیر منصوبہ بندی اسد عمر غیر فعال سی پیک اتھارٹی کے چیئرمین لیفٹیننٹ جنرل عاصم سلیم باجوہ زاد کشمیر کے چیف سیکریٹری ڈاکٹر شہزاد خان بنگش اور پرائیویٹ پاور انفرا اسٹرکچر بورڈ پی پی ئی بی کے مینیجنگ ڈائریکٹر شریک تھےچین کا گیزہوبا گروپ اور پاکستان لاریب گروپ اس منصوبے میں شراکت دار ہیں جبکہ قرض دہندگان کی کنسورشیم میں چائنا ڈیولپمنٹ بینک چائنا کنسٹرکشن بینک انڈسٹریل اینڈ کمرشل بینک چائنا اور بینک اف چائنا شامل ہیں
12,پاک سوزوکی اور انڈس موٹرز کی گاڑیوں کی قیمتوں میں ایک لاکھ روپے تک اضافہ,پاک سوزوکی موٹر کمپنی لیمٹڈ پی ایس ایم سی ایل انڈس موٹرز نے ایک بار پھر اپنی گاڑیوں کی قیمت میں اضافہ کردیا ہےدونوں کمپنیوں نے گاڑیوں کے مختلف ماڈلز کی قیمتوں میں ایک لاکھ روپے تک اضافہ کیا ہےاس سے پہلے کمپنیوں کی جانب سے ڈالر کی قیمت کو جواز بناکر گاڑیوں کی قیمتوں میں اضافہ کیا جاتا تھامگر حالیہ مہینوں میں روپے کی قدر میں اضافہ ہوا مگر پھر بھی قیمتوں میں اضافہ کیا گیا جس کا اطلاق یکم دسمبر سے ہوگاسوزوکی کی جانب سے کلٹس اور سوئفٹ کی قیمتوں میں اضافہ کیا گیاسوزوکی کلٹس وی ایکس ایل کی قیمت میں 70 ہزار روپے کا اضافہ کیا گیا اور اب یہ 19 لاکھ کی بجائے 19 لاکھ 70 ہزار روپے میں دستیاب ہوگیکلٹس اے جی ایس ایک لاکھ روپے اضافے کے بعد اب 20 لاکھ 30 ہزار روپے کی بجائے 21 لاکھ 30 ہزار روپے میں فروخت کی جائے گیسوزوکی سوئفٹ ٹومیٹک نیوی گیشن کی قیمت میں 35 ہزار روپے اضافہ کیا گیا اور اب یہ 21 لاکھ 75 ہزار روپے کی بجائے 22 لاکھ 10 ہزار روپے میں دستیاب ہوگیاس سے قبل پاک سوزوکی نے اکتوبر میں گاڑیوں کی قیمتوں میں 42 ہزار روپے تک اضافہ کیا تھادوسری جانب انڈس موٹرز نے کرولا اور گرانڈی کے مختلف ماڈلز کی قیمتوں میں اضافہ کیاکرولا 16 ایم ٹی کی قیمت میں 60 ہزار روپے اضافہ کیا گیا ہے جس کی قیمت 31 لاکھ 59 ہزار روپے سے بڑھ کر 21 لاکھ 19 ہزار روپے ہوگئی ہےکرولا 16 اے ٹی کی قیمت بھی 60 ہزار روپے اضافے سے 33 لاکھ ہزار روپے کی جگہ 33 لاکھ 69 ہزار روپے ہوگئی ہےکرولا 18 ایم ٹی کی قیمت پہلے 43 لاکھ 79 ہزار روپے تھی جو 70 ہزار روپے اضافے سے 35 لاکھ 49 ہزار روپے ہوگئی ہےکرولا 18 سی وی ٹی کی قیمت میں بھی 70 ہزار روپے کا اضافہ کیا گیا جو اب 36 لاکھ 29 ہزار روپے کی بجائے 36 لاکھ 99 ہزار روپے کی ہوگئی ہےالٹس گرانڈی 18 سی وی ٹی اسی ہزار روپے اضافے کے بعد 38 لاکھ 99 ہزار روپے کی جگہ 39 لاکھ 79 ہزار روپے میں فروخت ہوگیالٹس گرانڈی 18 سی وی ٹی کی قیمت ایک لاکھ روپے اضافے کے بعد 38 لاکھ 99 ہزار روپے کی جگہ 39 لاکھ 99 ہزار روپے ہوگئی ہے
13,نومبر میں ریونیو کی وصولی 346 ارب روپے کے ساتھ ہدف سے قریب رہی,اسلام باد فیڈرل بورڈ ریونیو ایف بی ار کے جاری کردہ عبوری اعداد شمار کے مطابق نومبر کے مہینے میں ریونیو کلیکشن کا 348 ارب روپے کا ہدف حاصل نہیں ہوسکا اور 346 ارب روپے تک کی وصولی کی گئیتاہم یہ سالانہ بنیادوں پر گزشتہ سال کے اسی ماہ کے 335 ارب روپے کے مقابلے میں فیصد ترقی کو ظاہر کر رہی ہےڈان اخبار کی رپورٹ کے مطابق رواں مالی سال کی پہلی ششماہی جولائی تا نومبر کے دوران ایف بی ار نے 16 کھرب 86 ارب روپے تک کی کلیکشن کی جو 16 کھرب 69 ارب روپے کے متوقع ہدف سے 17 ارب روپے یا 101 فیصد تک تجاوز کرگئییہ بھی پڑھیں حکومت ستمبر میں ریونیو کے اہداف حاصل کرنے میں ناکاموزیراعظم کے معاون خصوصی برائے ریونیو ڈاکٹر وقار مسعود خان نے ڈان کو بتایا کہ ایف بی اپنے ماہانہ اہداف کو حاصل کرنے کے لیے کوششیں کررہا ہے تاہم معاشی سرگرمیوں پر جزوی لاک ڈان ہونے کے باعث معیشت سست روی کا شکار ہےڈاکٹر وقار مسعود خان کا کہنا تھا کہ دسمبر میں کارپوریٹ انکم ٹیکس ادائیگیوں سے ریونیو کلیکشن میں بہتری ئے گی تاہم ان کا کہنا تھا کہ کووڈ19 کی وبا کی دوسری لہر میں دوبارہ لاک ڈان لگنے سے چیزیں مزید خراب ہوسکتی ہیںنومبر میں انکم ٹیکس کی وصولی ایک کھرب 30 ارب روپے کے ہدف سے 21 ارب روپے کی کمی کے ساتھ ایک کھرب ارب روپے رہی تاہم گزشتہ برس کے اسی عرصے میں اکٹھا ہونے والے ایک کھرب ارب روپے کے مقابلے میں اس میں فیصد اضافہ ہوامزید پڑھیں ٹیکس وصولی میں کسی کو ناراض کرنا پڑا تو تیار ہیںمزید یہ کہ متعدد اقدامات متعارف کرانے کے باوجود انکم ٹیکس کا حصول توقعات سے بہت کم ہےعلاوہ ازیں ماہ نومبر میں سیلز ٹیکس کلیکشن 14 فیصد بڑھ کر 173 ارب روپے تک پہنچ گیا جو کہ گزشتہ سال اسی ماہ میں 152 ارب روپے تک رہا تھا تاہم یہ 142 ارب روپے کے متوقع ہدف سے 21 فیصد زائد رہانومبر کے مہینے میں یہ اضافہ پی او ایل قیمتوں کے بڑھنے درمدات میں اضافہ اور معاشی سرگرمیوں کے دوبارہ بحالی کا نتیجہ رہافیڈرل ایکسائز ڈیوٹی ایف ای ڈی کلیکشن 18 فیصد کمی کے ساتھ 23 ارب روپے رہی جبکہ گزشتہ سال اسی ماہ یہ 29 ارب روپے تھی نومبر کے لیے ایف ای ڈی کا متوقع ہدف 27 ارب روپے تھا جو ارب روپے کی کمی سے پورا نہیں ہوایہ بھی پڑھیںکورونا وائرس محصولات کی وصولی میں 300 ارب روپے نقصان کا تخمینہمزید یہ کہ کسٹم کلیکشن فیصد اضافہ کے ساتھ 57 ارب روپے رہی جو گزشتہ سال کے اسی عرصے میں 55 ارب روپے تھی جبکہ نومبر کے لیے متوقع ہدف 49 ارب روپے تھارواں مالی سال کے ابتدائی ماہ کے دوران 81 ارب روپے کے ری فنڈز کی ادائیگی کی گئی جو گزشتہ سال کے 41 ارب روپے کے مقابلے میں 97 فیصد زیادہ ہے جو صنعتی پیداوار کی بحالی سے معاشی سرگرمیوں میں ایک تیزی کی طرف اشارہ کرتی ہےحکومت نے رواں مالی سال کے بجٹ کی تیاری کے دوران عالمی مالیاتی فنڈ ئی ایم ایف کو مالی سال 2020 کے 39 کھرب 89 ارب روپے کی وصولیوں کے مقابلے میں مالی سال 2021 میں 49 کھرب 63 ارب روپے کلیکشن کی یقین دہانی کرائی تھی جو 244 فیصد کا متوقع اضافہ تھایہ خبر یکم دسمبر 2020 کو ڈان اخبار میں شائع ہوئی
14,نیشنل بینک میں تقرریوں کے تھرڈ پارٹی ڈٹ کی سفارش,کراچی قومی اسمبلی کی قائمہ کمیٹی برائے خزانہ اور محصول کو پیر کے روز کراچی کے دورے کے دوران حکومت نے نیشنل بینک پاکستان میں تقرریوں پر تھرڈ پارٹی ڈٹ کی سفارش کی ہےڈان اخبار کی رپورٹ کے مطابق قومی اسمبلی باڈی نے مزید ہدایت دی کہ اسٹیٹ بینک پاکستان کے موجودہ پینل سے ڈٹ فرم کا انتخاب کیا جا سکتا ہےمزید پڑھیں نیشنل بینک کے سابق صدر کی عہدے پر بحالی کی درخواست مستردرکن قومی اسمبلی فیض اللہ کاموکا کی زیرصدارت قومی اسمبلی کی قائمہ کمیٹی کا اجلاس اسٹیٹ بینک میں ہوا کمیٹی کو اسٹیٹ بینک کے گورنر ڈاکٹر رضا باقر نے بینکنگ سروسز کارپوریشن ایکٹ سے متعلق ترمیم کے بارے میں تفصیلات بتائیں جو مرکزی بینک کو مطلوب تھے انہوں نے وضاحت کی کہ بینکنگ سروسز کارپوریشن کی سانی سے کارروائیوں کو یقینی بنانے کے لیے ان ترامیم کی ضرورت ہےنیشنل بینک سے متعلق ایک اور ایجنڈے کے حوالے سے اسٹیٹ بینک کے گورنر اور ڈپٹی گورنر بینکنگ جمیل احمد نے کمیٹی کو نیشنل بینک پاکستان کے موجودہ صدر کے فٹ ہونے اور مناسب جانچ کے بارے میں بتایا بعدازاں باقر جمیل احمد اور اسٹیٹ بینک بینکنگ کارپوریشن پاکستان کے منیجنگ ڈائریکٹر محمد اشرف خان نے قومی اسمبلی کی قائمہ کمیٹی کے مختلف سوالات کے جوابات دیےتفصیلی بحث مباحثے کے بعد کمیٹی نے متفقہ طور پر بینکاری خدمات ترمیمی بل 2020 منظور کیا تاہم کمیٹی ممبران نے مذکورہ پوزیشن کے لیے درکار قابلیت اور صدر نیشنل بینک پاکستان کی ڈگری قابلیت میں اختلافات پر تشویش کا اظہار کیاجمیل احمد نے وضاحت کی کہ نیشنل بینک پاکستان کے صدر عارف عثمانی کی خدمات کی سفارش کی گئی کیونکہ بینکنگ کے شعبے میں ان کا ساڑھے تین دہائیوں کا وسیع تجربہ ہےیہ بھی پڑھیں نیشنل بینک کیلئے گنیز ورلڈ ریکارڈز کا اعزازقومی اسمبلی کی قائمہ کمیٹی کے چیئرمین کا مقف تھا کہ حکومت کو اس وقت عارف عثمانی کے پچھلے ٹریک ریکارڈ پر عائد الزامات کو ختم کرنا پڑا جب انہیں نیشنل بینک کا صدر مقرر کیا گیا تھااس موقع پر نیشنل بینک پاکستان کے صدر نے کمیٹی کو بینک سے ملازمین کی خدمات حاصل کرنے کی حیثیت سے 2019 سے لے کر 2020 تک گاہ کیا عارف عثمانی نے کہا کہ کسی بھی تنظیم کا سب سے اہم عنصر اس کے لوگ تھے اور یہ خاص طور پر بینک جیسی خدمات فراہم کرنے والے کسی رگنائزیشن کے لیے انتہائی ضروری ہے متعدد شعبوں میں نیشنل بینک پاکستان کے سینئر وسائل کے معیار کی نشاندہی ایک سنگین خلا کے طور پر کی گئی ہے جہاں ڈٹ تبصروں میں واضح ہوتا ہے کہ اس کمی کو پورا کرنے کی کوشش نہیں کی گئی جو اس بات کی نشاندہی ہے کہ اسے حل کرنے کی خواہش کی کمی تھی اور اس کے نتیجے میں ساکھ کو نقصان پہنچا اور عوامی اعتماد مجروح ہوانیشنل بینک پاکستان کے صدر نے مزید کہا کہ بھرتی کا عمل موجودہ بورڈ کی منظور شدہ پالیسیوں اور بیرونی بھرتیوں کے لیے رائج عمل کو استعمال کرکے کیا گیا انہوں نے کمیٹی کو بتایا کہ اس کے مطابق تمام سینئر عہدوں کا داخلی طور پر بینک کے اندر اشتہار دیا گیا تھا انہوں نے وضاحت کرتے ہوئے کہا کہ داخلی امیدواروں کا اندازہ کیا گیا تھا اور اہل امیدواروں کو انٹرویو میں شارٹ لسٹ کیا گیا تاہم ان میں سے کوئی بھی مقررہ معیار کے مطابق نہیں پایا گیاعارف عثمانی نے مزید کہا کہ جن نئے افراد کو بھرتی کیا گیا وہ اپنے شعبوں میں بہت تجربہ کار تھے ان میں مہارت اور اعلی تنظیموں کے ساتھ مل کر کام کرنے کا ٹریک ریکارڈ رکھتے ہیںمزید پڑھیں نیشنل بینک پاکستان کو برطانیہ سے 19 کروڑ پانڈز موصولنیشنل بینک پاکستان کے صدر نے سب جگہ شروع کیے گئے احتساب کی جانب بھی کمیٹی کی توجہ مبذول کرائی جس میں دو سینئر ایگزیکٹو نائب صدور اور پانچ ای وی پی کو برطرف کیا گیا تاکہ نیشنل بینک پاکستان کو ترقی کی حامل تنظیم بنائے جاسکے ان کا کہنا تھا کہ شکایات کا موجودہ سلسلہ دراصل انضباطی کارکردگی کے اقدامات کا ایک رد عمل تھاقومی اسمبلی کی قائمہ کمیٹی کے اراکین نے بینک میں سینئر افسران کی بھرتی کے لیے لاگو تعلیمی معیار پر اپنے تحفظات کا اظہار کیا کمیٹی کے کچھ اراکین نے نوٹ کیا کہ ایسا لگتا ہے کہ یہ اقدام بینک کی بھرتی کی پالیسیوں کے منافی ہے
15,بٹ کوائن کی قیمت ریکارڈ سطح پر پہنچ گئی,ورچوئل کرنسی بٹ کوائن ریکارڈ سطح پر پہنچ گئی ہےاس وقت دنیائے انٹرنیٹ کی اس کرنسی کے ایک یونٹ یا یوں کہہ لیں کہ ایک روپے کی قیمت 19 ہزار ڈالرز سے زیادہ ہوچکی ہےاس کرپٹو کرنسی کی قیمت 19 ہزار 783 ڈالرز 31 لاکھ 54 ہزار پاکستانی روپے سے زائد سے تجاوز کرگئی ہے اور اس طرح دسمبر 2017 میں قائم ہونے والے ریکارڈ کو توڑ دیایعنی ایک بٹ کوائن سے 29 تولے تک سونا خریدا جاسکتا ہےبٹ کوائن کی قیمتوں میں حالیہ دنوں میں بہت تیزی سے اتار چڑھا دیکھنے میں یا ہےگزشتہ ہفتے اس کرنسی کی قیمت بہت تیزی سے گری تھی مگر گزشتہ 72 گھنٹے میں میں ہزار ڈالرز سے زیادہ کا اضافہ ہوچکا ہےماہرین نے کچھ عرصے پہلے پیشگوئی کی تھی کہ بٹ کوائن کی قیمت سال کے خر تک ریکارڈ سطح پر جاسکتی ہے تاہم موجودہ رفتار نے انہیں حیران کردیا ہےبٹ کوائن کی قیمتوں میں اس طرح کا اتار چڑھا نیا نہیں 2017 میں بھی ایسا دیکھنے میں یا تھا مگر ماہرین کو بالکل بھی توقع نہیں تھی کہ موجودہ دنوں میں بٹ کوائن کی قیمت اتنی تیزی سے اوپر جائے گیرواں سال بٹ کوائن میں سرمایہ کاری کی شرح میں اضافہ ہوا ہے جس کی وجہ کورونا وائرس کی وبا قرار دی جارہی ہےبٹ کوائن کی قیمت میں اضافے کو دیکھتے ہوئے کچھچ ماہرین نے پیشگتوئی کی ہے کہ نے والے ہفتوں میں بھی یہ سلسلہ برقرار رہ سکتا ہےایک ماہر کا کہنا تھا کہ پے پال اسکوائر اور مائیکرو اسٹرٹیجی جیسی کمپنیوں کی جانب سے کرپٹو کرنسیوں کی حمایت سے بٹ کوائن کی قیمت 50 ہزار ڈالرز تک پہنچ جانا حیران کن نہیں ہوگا
16,پیٹرول کی قیمت برقرار ڈیزل روپے فی لیٹر مہنگا,وفاقی حکومت نے ئندہ 15 روز کے لیے پیٹرول کی قیمت برقرار رکھنے کا فیصلہ کیا ہے تاہ ڈیزل کی فی لیٹر قیمت میں روپے اضافہ کردیا گیاوزارت خزانہ سے جاری بیان کے مطابق عوام کو زیادہ سے زیادہ ریلیف فراہم کرنے کے لیے حکومت نے بین الاقوامی مارکیٹ میں ہونے والا پیٹرولیم مصنوعات کی قیمتوں میں اضافہ خود برداشت کرنے کا فیصلہ کیا ہےبیان میں کہا گیا کہ ئندہ 15 روز کے لیے پیٹرول مٹی کے تیل اور لائٹ ڈیزل ئل ایل ڈی او کی قیمتیں برقرار رہیں گی تاہم عالمی سطح پر غیر معمولی اضافے کے باعث ہائی اسپیڈ ڈیزل کی قیمت میں روپے فی لیٹر اضافہ کیا گیا ہے یہ بھی پڑھیں ئل کمپنیز اور ڈیلرز کے مارجن میں 16فیصد تک اضافہ متوقعڈیزل کی قیمت اضافے کے بعد 101 روپے 43 پیسے سے بڑھ کر 105 روپے 43 پیسے ہوگئی ہےپیٹرول کی فی لیٹر قیمت 100 روپے 69 پیسے مٹی کے تیل کی قیمت 65 روپے 29 پیسے اور لائٹ ڈیزل ئل کی قیمت 62 روپے 86 پیسے پر برقرار رہیں گیڈیزل کی نئی قیمت کا اطلاق رات 12 بجے سے ہوگاواضح رہے کہ ائل اینڈ گیس ریگولیٹری اتھارٹی اوگرا نے یکم دسمبر سے 15 روز کے لیے پیٹرولیم مصنوعات کی قیمتوں میں رد بدل کی سمری پیٹرولیم ڈویژن کو ارسال کی تھی
17,ئل کمپنیز اور ڈیلرز کے مارجن میں 16فیصد تک اضافہ متوقع,اسلام باد تیل کی گرتی ہوئی قیمتوں کو دیکھتے ہوئے حکومت نے گزشتہ سال کیے گئے وعدے کے برعکس مارکیٹ اسٹڈی کے بغیر ئل مارکیٹنگ کمپنیوں او ایم سی اور ڈیلرز کمیشن کے منافع کے مارجن میں 16 فیصد تک اضافہ کر سکتی ہےڈان اخبار کی رپورٹ کے مطابق خزانہ اور منصوبہ بندی کی وزارتیں اور ئل اینڈ گیس ریگولیٹری اتھارٹیاوگرا اس وقت کابینہ کی اقتصادی رابطہ کمیٹی کے اجلاس کی جانب سے حتمی فیصلہ لیے جانے سے قبل وزارت توانائی کے پیٹرولیم ڈویژن کے ذریعہ پیش کردہ باضابطہ تجویز کا جائزہ لے رہی ہیںمزید پڑھیں ئل مارکیٹنگ کمپنیاں اسٹاک سے گریزاں ریفائنریز بند ہونے کے دہانے پر پہنچ گئیںوزارت خزانہ کے ذرائع نے ڈان کو بتایا کہ پٹرولیم ڈویژن نے پیٹرول اور ہائی اسپیڈ ڈیزل کے ہر لیٹر پر او ایم سی کے مارجن میں 45 پیسے اضافے کی تجویز پیش کی تھی اس نے پیٹرول پر فی لیٹر 58 پیسے اور ایچ ایس ڈی پر 50 پیسے اضافے کی بھی سفارش کی ہےاسی طرح ئل مارکیٹنگ کمپنیز کو اب دونوں مصنوعات پر 326 روپے فی لیٹر مارجن ملے گا ڈیلرز پیٹرول کی فروخت پر فی لیٹر 428 روپے اور ہائی اسپیڈ ڈیزل پر 362 روپے کما لیں گے پٹرولیم ڈویژن کے مطابق 16 فیصد اضافہ جون 2019 سے اکتوبر 2020 کے درمیان کنزیومر پرائس انڈیکس کی بنیاد پر تیار کیا گیا ہےپچھلی حکومت نے 2013 میں او ایم سی کے مارجن اور ڈیلر کمیشن کو کنزیومر پرائس انڈیکس سے جوڑ دیا تھا ان 7سالوں میں پیٹرول اور ایچ ایس ڈی پر ڈیلر کمیشن میں 92 پیسے فی لیٹر33فیصد اور 82 پیسے 36فیصد کا اضافہ ہوا ہے پیٹرولیم ڈویژن اب ایک بار میں پیٹرول اور ہائی اسپیڈ ڈیزل پر بالترتیب 58 پیسے اور 50 پیسے فی لیٹر مارجن میں اضافے کا خواہاں ہےاسی طرح سالوں میں ئل مارکیٹنگ کمپنیز کے مارجن میں پیٹرول پر 58 پیسے فی لیٹر26 فیصد اور ہائی اسپیڈ ڈیزل پر 95 پیسے 50فیصد کا اضافہ ہوا ہے پیٹرولیم ڈویژن اب ایک سال میں مارجن میں 45 پیسے فی لیٹر اضافے کا مطالبہ کررہا ہےیہ بھی پڑھیں پیٹرول کی قیمتوں کا طریقہ کار ڈی ریگولیٹ کرنے کا فیصلہایک عہدیدار نے بتایا کہ ئل کمپنیوں اور ان کے ڈیلروں کو کنزیومر پرائس انڈیکس کی بنیاد پر مارجن طے کرنا غیر منصفانہ دکھائی دیتا ہے کیونکہ اس میں غیر معمولی اضافہ ہوتا رہے گا اور اگر اس کی قیمت کی جانچ پڑتال اور تعین کی نہ کیا جائے تو اس کی قیمت مقررہ چیز کی قیمت سے بھی بڑھ جائے گیبنیادی طور پر اسی وجہ سے اقتصادی رابطہ کمیٹی نے نومبر کے پہلے ہفتے میں اسٹیک ہولڈرز کو حکم دیا تھا کہ وہ زاد مطالعے کے ذریعے فارمولے پر ایک نئی نظر ڈالے اور 2ماہ کے اندر اس پر دوبارہ رابطہ کریں یہ 13 مہینوں میں پورا نہیں ہوا اور اسٹیک ہولڈرز اب کووڈ19 کے پیچھے چھپ رہے ہیں جہاں اقتصادی رابطہ کمیٹی کے فیصلے کے 4ماہ بعد یہ وبا ئی تھیپیٹرولیم ڈویژن نے اب اسی کنزیومر پرائس انڈیکس پر مبنی فارمولے کو جاری رکھنے کی تاکید کی ہے جب تک کہ مستقبل قریب میں اقتصادی رابطہ کمیٹی کی حکم کردہ اسٹڈی دستیاب نہ ہو جائے کہتے ہیں کہ ڈیلر مطالبہ کررہے تھے کہ ان کا مارجن روپے فی لیٹر تک بڑھایا جائے انہوں نے دلیل دی ہے کہ ئل ماریٹنگ کمپنیز بھی یہ دعوی کر رہی تھیں کہ ان کے مارجن پر ہر سال جولائی میں ترمیم کی ضرورت ہوتی ہےپٹرولیم ڈویژن نے اقتصادی رابطہ کمیٹی کو اطلاع دی ہے کہ نومبر 2019 کو او ئل مارکیٹنگ کمپنیز اور ڈیلروں کے مارجن کا جائزہ لینے کے دوران اقتصادی رابطہ کمیٹی نے افراط زر کی اوسط شرح 658 فیصد کی بنیاد پر دونوں پیٹرولیم مصنوعات پر ئل مارکیٹنگ کمپنیز اور ڈیلروں کے لیے مارجن میں ترمیم کی منظوری دی تھی جیسا کہ پلاننگ ڈویژن نے اپریل 2018 اور مئی 2019 کے درمیان مدت کے لیے منظوری دی تھی اور جس کا اطلاق یکم دسمبر 2019 سے ہونا تھااسی فیصلے کے تحت اقتصادی رابطہ کمیٹی نے وزیر اعظم کے معاون خصوصی برائے پیٹرولیم ندیم بابر کی سربراہی میں ایک کمیٹی بھی تشکیل دی جس میں پیٹرولیم خزانہ اور منصوبہ بندی اور ترقی کے سیکریٹریوں اوگرا اور پاکستان بیورو اسٹیٹ اسٹکس کے اعلی اراکین اور نجی شعبے سے اراکین کے طور پر ایک تعلیمی یا ریٹائرڈ پریکٹیشنر کو لیا گیامزید پڑھیں اوگرا نے پیٹرولیم بحران کا ذمہ دار ائل مارکیٹنگ کمپنیوں کو ٹھہرادیاکمیٹی کو پیٹرولیم مصنوعات پر ئل مارکیٹنگ کمپنیز اور ڈیلرز کے لیے مارجن کے تعین کے لیے موجودہ طریقہ کار پر جامع انداز مہیں نظر ثانی کرنے کی ضرورت تھی اور تمام اسٹیک ہولڈرز خصوصا صارفین سمیت تمام اسٹیک ہولڈرز کے مفادات کو یقینی بنانے کے لیے نظرثانی شدہ طریقہ کار وضع کرنا چاہیے تھاکمیٹی دو ماہ میں ای سی سی کو اپنی رپورٹ پیش کرے گی کمیٹی کو سیکرٹریٹ کی مدد فراہم کرنے کے لئے پٹرولیم ڈویژن کی ضرورت تھی ای سی سی نے یہ بھی ہدایت کی کہ مستقبل میں ہر سال جولائی سے جون تک کسی فارمولے کا اطلاق ہونا چاہئےپٹرولیم ڈویژن نے اطلاع دی کہ حکم کے مطابق اس نے کمیٹی کے تین اجلاسوں کا اہتمام کیا ہے کمیٹی نے مجوزہ مطالعہ کرنے کے لیے انسٹی ٹیوٹ چارٹرڈ اکانٹنٹس سے رضامندی حاصل کرنے کا فیصلہ کیا صرف انسٹیٹیوٹ کاسٹ اینڈ منیجمنٹ اکانٹنٹس پاکستان نے 45لاکھ روپے کی لاگت سے اپنی رضامندی کا اظہار کیا جبکہ انسٹی ٹیوٹ چارٹرڈ اکانٹنٹس پاکستان نے اس پر افسوس کا اظہار کیا لہذا پاکستان انسٹی ٹیوٹ ڈیولپمنٹ اکنامکس سے بھی درخواست کی گئی کیونکہ صرف ایک واحد انسٹی ٹیوٹ نے مذکورہ مطالعے کے لیے اپنی رضامندی کا اظہار کیا پاکستان انسٹی ٹیوٹ ڈیولپمنٹ اکنامکس نے 25لاکھ روپے کے عوض اپنی رضامندی کا اظہار کیایہ بھی پڑھیں ئل مارکیٹنگ کمپنیوں نے پیٹرول کی قلت کی ذمہ داری وزارت توانائی پر ڈال دیمارجن پر پہلا مطالعہ بھی پاکستان انسٹی ٹیوٹ ڈیولپمنٹ اکنامکس نے 2014 میں کیا تھا پیٹرولیم ڈویژن نے بتایا کہ اوگرا کو ئل مارکیٹگ کمپنیز کا لائسنسنگ اتھارٹی ہونے کے ناطے اس مطالعہ کا فنڈ دینے پر افسوس ہوا جبکہ منصوبہ بندی ڈویژن بھی اپنے بجٹ وسائل سے مطالعے کی لاگت کو پورا کرنے سے گریزاں ہے دریں اثنا کووڈ19 کی وجہ سے کوئی بھی ابھی تک فیلڈ کام کرنے کو تیار نہیں تھا پیٹرولیم ڈویژن نے دعوی کیا پاکستان انسٹی ٹیوٹ ڈیولپمنٹ اکنامکس کو ایک سرکاری ادارہ ہونے کی حیثیت سے اپنے سابقہ مطالعہ کو ریفرنس کی شرائط کے مطابق لاگت کے محاسبوں کی مہارت کو بروئے کار لاتے ہوئے مستقبل میں حاشیے پر نظر ثانی کے لیے ایک فارمولا کی تیاری کی اپ ڈیٹ کرنے کے لیے کہا گیا ہے کسی اور تاخیر سے بچنے کے لیے پیٹرولیم ڈویژن نے اب تجویز پیش کی ہے کہ مشاورت پیشہ ور افراد کی خدمات حاصل کرنے اور اس شعبے کی ترقی سے متعلق پالیسیوں کی تیاری کے لیے پٹرولیم ڈویژن کے تحت برقرار رکھے گئے غیر تربیتی فنڈ کے ذریعے فنڈ کو پورا کیا جائے
18,مالی سال 2020 ملک میں موبائل فون کی درامد پر 54 ارب روپے کی ڈیوٹی وصول,اسلام اباد پاکستان کسٹم نے گزشتہ سال ڈیوائس ائیڈینٹی فکیشن رجسٹریشن اینڈ بلاکنگ سسٹم ڈی ائی ار بی ایس کے ذریعے موبائل ڈیوائسز کی درامد پر 54 ارب روپے وصول کیے جو اس سے پہلے سال کے مقابلے میں 145 فیصد زیادہ ہےڈان اخبار کی رپورٹ کے مطابق فیڈرل بورڈ اف ریونیو ایف بی ار کی جاری کردہ اعداد شمار سے ظاہر ہوتا ہے کہ موبائل فون کی درامد سے ریونیو میں اضافے کی وجہ یہ ہے اب کوئی بھی بغیر ڈیوٹی ادااسمگل فون پاکستان میں ٹیکسز کی ادائیگی اور پاکستان ٹیلی کمیونکیشن اتھارٹی پی ٹی اے سے رجسٹرڈ کیے بغیر استعمال نہیں کیا جاسکتاادھر ایک کسٹم عہدیدار کے مطابق ملک میں اسمگل شدہ ڈیوائسز کے استعمال کو ختم کرنے کے لیے پاکستان کسٹمز نے پی ٹی اے کے اشتراک سے ڈی ائی ار بی ایس متعارف کروایا تھا اس کامیاب مداخلت نے ملک میں بڑی سرمایہ کاری کو اپنی جانب کھینچامزید پڑھیں مالی سال 2020 میں بیرون ممالک سے ئے موبائل فون پر ارب 80 کروڑ روپے ٹیکس وصولعہدیدار کا کہنا تھا کہ ملک میں اس وقت 17 کمپنیز موبائل فونز مینوفکچرنگ کر رہی ہیں جبکہ ٹی سی ایل کا بھی ایئرلنک کے ساتھ پاکستان کی موبائل فون انڈسٹری میں سرمایہ کاری کا منصوبہ ہے وہیں ایک اور کمپنی الکاٹیل بھی اسی پر غور کر رہی ہےاسی دوران چین جس سے جغرافیائی قربت ہے اور وہ ہینڈسیٹس مینوفیکچرنگ کے لیے عالمی مرکز ہے اس وقت بڑھتی مزدوروں کی لاگت سمیت امریکا کے ساتھ تجارتی کشیدگی کے باعث ملک سے باہر سرمایہ کاری کے لیے دیکھ رہا ہے جو پاکستان کے لیے ایک بہت بڑا مواقع فراہم کرتا ہےانہوں نے کہا کہ انفارمیشن ٹیکنالوجی کے بہتر استعمال اور اسمگلرز کے خلاف ٹارگٹڈ اپریشنز کے ذریعے عملدرامد سے اسمگل شدہ اشیا کی دستیابی کا مسئلہ بڑے پیمانے پر حل ہوگیا ہے اور اس نے مقامی صنعت کے لیے جگہ فراہم کی ہےیکم جولائی 2019 سے حکومت نے بیگیج رولز کے تحت بیرون ملک سے ڈیوٹی فری موبائل ہینڈسیٹ کی سہولت بھی واپس لے لی تھی اور ایف بی ار کے مطابق یہ فیصلہ اس اسکیم کے غلط استعمال کی متعدد شکایات کو دیکھتے ہوئے لیا گیا تھاسرکاری اعداد شمار ظاہر کرتے ہیں کہ مالی سال 2020 کے دوران بیگیج کے تحت مسافر 13 لاکھ 89 ہزار 707 موبائل ہینڈسیٹس لائے اور انہیں ڈی ائی ار بی ایس سے رجسٹرڈ کروایا جس کے نتیجے میں پاکستان کسٹمز نے مسافروں سے بیگیج کے تحت موبائل فونز کی درامد پر گزشتہ سال ارب 80 کروڑ روپے سے زیادہ اکٹھے کیےدوسری جانب کمرشلی طور پر موبائل فونز کی درامد کے لیے بھی واضح پالیسی ہے اور مالی سال 2020 کے دوران کمرشل درامدات کے تحت 209 ارب 31 کروڑ 60 لاکھ روپے مالیت کے ایک کروڑ 98 لاکھ ہینڈسیٹس درامد کیے گئے جس پر ایف بی ار نے 39 ارب 41 کروڑ 40 لاکھ روپے ریونیو وصول کیایہ بھی پڑھیں موبائل فون کی درامد پر ریگولیٹری ڈیوٹی کے سلیب متعارفمئی میں حکومت نے موبائل فون مینوفکچرنگ پالیسی کی منظوری دی جو مقامی ہینڈسیٹ انڈسٹری کو پروان چڑھانے میں مدد گار ثابت ہوئی ہے جو بین الاقوامی سطح پر مسابقت پذیر ہوسکتی ہےوہی مارکیٹ کے سائز میں اضافے کے ساتھ ساتھ جی کی طرف منتقلی کے باعث مقامی طلب کافی ہےعلاوہ ازیں اسی سے تعلق رکھنے والی دیگر صنعتیں جیسے پیکجنگ پلاسٹکس اور ائی ٹی سوفٹ ویئر وغیرہ پہلے ہی مقامی مارکیٹ میں ایک مضبوط حیثیت رکھتی ہیں
19,ازادی کے بعد پہلی مرتبہ بھارتی معیشت کساد بازاری میں داخل,ممبئی بھارت کی معیشت جولائی اور ستمبر کے دوران 75 فیصد سکڑنے سے بدترین کارکردگی کا مظاہرہ کرنے والی بڑی ترقی یافتہ اور ابھرتی ہوئی معیشتوں میں شامل ہوگئی کیونکہ یہ ازادی کے بعد پہلی مرتبہ تکنیکی کساد بازاری میں داخل ہوئی ہےڈان اخبار میں شائع فرانسیسی خبررساں ادارے اے ایف پی کی رپورٹ میں بتایا گیا کہ سرکاری اعداد شمار ظاہر کرتے ہیں کہ معیشت کساد بازاری میں داخل ہوگئی ہےاگرچہ گزشتہ سہ ماہی میں ریکارڈ 239 فیصد سکڑنے کے مقابلے میں اعداد شمار میں بہتری تھی تاہم یہ اس طرف اشارہ کرتے ہیں کہ ایشیا کی تیسری بڑی معیشت سخت مقابلہ کر رہی ہے کیونکہ یہ طلب کو بحال کرنے اور روزگار پیدا کرنے کی کوششوں میں ہے جبکہ کورونا وائرس کا انفیکشن بڑھ رہا ہےمزید پڑھیں بھارت میں کورونا کی ابتر صورتحال ایک دن میں 90 ہزار سے زائد کیسز رپورٹتاہم مسلسل سہ ماہیوں میں معیشت کے سکڑنے کا مطلب ہے کہ ملک 1947 کے بعد سے پہلی مرتبہ تکنیکی کساد بزاری میں داخل ہوگیا ہےوائرس سے متعلق لاک ڈانز سے ہونے والی عالمی تباہی کے بعد امریکا جاپان اور جرمنی سمیت بڑی معیشتوں کی جانب سے 30 ستمبر کو ختم ہونے والی سہ ماہی میں ریکارڈ کی گئی ترقی نے توقعات کو بڑھا دیا ہے کہ بھارت بھی بحالی سے مستفید ہوگااگرچہ اکتوبر اور نومبر میں تہواروں کے سیزن کے باعث صارفین کے کاروبار میں اضافہ دیکھنے میں ایا تاہم تعمیراتی اور مہمان نوازی کے شعبے متاثر ہونے سے وسیع پیمانے پر بحالی کی امیدیں ختم ہوگئیںلاک ڈان کی وجہ سے گزشتہ سہ ماہی میں تقریبا 40 فیصد کمی کے بعد جولائی سے ستمبر کے دوران مینوفکچرنگ کی سرگرمی میں اضافہ ہوا جبکہ کاشتکاری بھی نسبتا بہتر رہیتجزیہ کاروں کا کہنا تھا کہ اعداد شمار حوصلہ افزا ہیں جس سے یہ اندازہ ہوتا ہے کہ اگلی سہ ماہی میں معیشت کی بہتری کا امکان ہوگابروڈا کے اسٹیٹ بینک کے چیف اقتصادیات سمیر نارنگ کا کہنا تھا کہ تمام اشاروں کو دیکھتے ہوئے بھارتی معیشت کے لیے بدترین صورتحال ختم ہوگئی ہم مسلسل بہتری دیکھیں گے اور اگے بڑھیں گےان کا کہنا تھا کہ جمعہ کے اعداد شمار نے فیصد سکڑنے کے بینک کے تخمینے کو غلط ثابت کردیا ساتھ ہی انہوں نے کہا کہ معاشی بحالی کے امکانات تب تک ہیں جب تک انفیکشن بڑھنے پر کوئی نیا لاک ڈان نہیں لگتاکوانٹ ایکو ریسرچ کے ماہر معاشیات وویک کمار کا کہنا تھا کہ مارچ کے اخر میں ہونے والے مہینوں میں طویل لاک ڈان کی وجہ سے فیکٹریوں کی طویل بندش کے خاتمے کے بعد مینوفکچرنگ میں اضافہ بھارت کے لیے اچھا ہےیہ بھی پڑھیں بھارت کورونا کے کیسز میں اضافے کے بعد متعدد ریاستوں میں دوبارہ لاک ڈان نافذواضح رہے کہ بھارت کے مرکزی بینک کے گورنر شکتی کانتا داس کے گزشتہ ماہ کے جاری کردہ اندازے کے مطابق نئی دہلی نے اپنی اس معیشت کی بحالی کے لیے جدوجہد شروع کی ہے جس کا رواں سال 95 فیصد تک سکڑنے کا امکان ہےوہیں عالمی مالیاتی فنڈ ائی ایم ایف نے پیش گوئی کی ہے کہ بھارت کی معیشت رواں سال 103 فیصد تک سکڑ جائے گی جو کسی بڑی ابھرتی ہوئی معیشت کے لیے سب سے بڑا بحران ہے اور یہ ازادی کے بعد سے بدترین ہےعلاوہ ازیں رواں ماہ کے اوائل میں اکسفورڈ اکنامکس کی جاری کردہ رپورٹ میں کہا گیا تھا کہ وبائی مرض سے لگنے والی پابندیوں میں نرمی کے بعد بھارت کی معیشت بدترین متاثرہ ہوگی اور 2025 تک سالانہ پیداوار وائرس سے پہلے کی سطح سے 12 فیصد کم ہوگی
20,وائرس کے پھیلا میں اضافہ اور پابندیاں معاشی بحالی کیلئے خطرہ,اسلام باد وفاقی حکومت نے اعتراف کیا ہے کہ پاکستان کی حالیہ معاشی بحالی کو ملک کے ساتھ ساتھ بڑے تجارتی شراکت داروں میں کورونا وائرس کی دوسری لہر کے باعث زوال پذیری کا خطرہ ہے تاہم مہنگائی کا دبا کم ہوا ہےڈان اخبار کی رپورٹ کے مطابق وزارت خزانہ کی جانب سے جاری کردہ ماہانہ معاشی اپڈیٹ اور نومبر کے منظر نامے میں کہا گیا کہ اگر کورونا وائرس کے جاری اثرات کو دیکھیں تو زوال کے خدشات بہت نمایاں ہوگئے ہیںمعاشی بحالی کا غاز نئے مالی سال کے غاز سے ہوا تھا جو اکتوبر تک جاری رہا لیکن معاشی منظرنامے کے اثرات معیشت کے کچھ شعبہ جات پر لگائی گئی پابندیوں کی شدت پر منحصر ہےیہ بھی پڑھیں مکمل لاک ڈان کے خدشات اسٹاک مارکیٹ میں 555 پوائنٹس کی کمیوزات نے اعتراف کیا کہ نومبر 2020 کے لیے مالی خسارہ گزشتہ برس کے اسی عرصے کے مقابلے تقریبا 70 فیصد بڑھ گیا ہے حالانکہ ترقیاتی اخراجات میں کوئی اضافہ نہیں ہواکورونا کیسز کی تعداد میں حالیہ اضافہ حکومت کو محتاط پالیسی اپنانے پر مجبور کررہا ہے بالخصوص خدمات کے شعبے میں اور باقی دنیا کی طرح پاکستان کے معاشی منظر نامے کے لیے بھی ملا جلا پیغام ہےوزارت نے کہا کہ اگر عوام ایس او پیز پر عمل کریں تو اثرات کم ہوسکتے ہیں اور معیشت طویل المدتی ترقی کے راستے پر لوٹ سکتی ہےوزارت کا کہنا تھا کہ مہنگائی کا دبا کم ہوا ہے اور یہ لچک ئندہ نے والے مہینوں میں بھی جاری رہنے کا امکان ہےجولائی سے اکتوبر تک کے عرصے میں پاکستان میں مہنگائی کا سب سے بڑا سبب بین الاقوامی اور مقامی اشیا کی قیمتیں تھیں بالخصوص اشیائے خورونوش اور تیل کی مصنوعات کی قیمتیں جبکہ ایکسچینج ریٹ اور مالی پالیسیوں نے بھی اس میں کردار ادا کیامزید پڑھیں قومی رابطہ کمیٹی نے مکمل لاک ڈان کے نفاذ کو مسترد کردیانومبر کی رپورٹ ظاہر کرتی ہے کہ کووڈ 19 انفیکشن میں حالیہ اضافہ اور ہسپتالوں پر دبا نے پاکستان کی اہم ترین مارکیٹس کو زک پہنچائی ہےوزارت کے جاری کردہ اعداد شمار کے مطابق رواں مالی سال کے ابتدائی ماہ کے دوران ترسیلات زر میں 265 فیصد اضفہ ہوا لیکن گزشتہ برس کے اسی عرصے کے مقابلے برمدات 103 فیصد درمدات فیصد اور غیر ملکی سرمایہ کاری 62 فیصد کم ہوئی ہےرپورٹ کے مطابق تجارتی خسارہ فیصد اضافے کے بعد ارب 70 کروڑ ڈالر ہوگیا اس کے ساتھ گزشتہ برس کے پہلے ماہ میں ایک ارب 40 کروڑ ڈالر کا کرنٹ اکانٹ خسارہ رواں برس سرپلس رہااس کے علاوہ ملک کے مجموعی زر مبادلہ کے ذخائر 24 فیصد اضافے کے بعد نومبر میں 20 ارب 55 کروڑ ڈالر رہے
